Alert ID,URL,Package Name,Date
ALSA-2025:0845,https://lwn.net/Articles/1007599,git-lfs,2025-01-31
ALSA-2025:0837,https://lwn.net/Articles/1007601,unbound,2025-01-31
ALSA-2025:0838,https://lwn.net/Articles/1007600,libsoup,2025-01-31
ALSA-2025:0791,https://lwn.net/Articles/1007203,libsoup,2025-01-30
ALSA-2025:0692,https://lwn.net/Articles/1006951,redis:7,2025-01-29
ALSA-2025:0733,https://lwn.net/Articles/1006632,bzip2,2025-01-29
ALSA-2025:0737,https://lwn.net/Articles/1006635,mariadb:10.11,2025-01-29
ALSA-2025:0746,https://lwn.net/Articles/1006633,gimp:2.8,2025-01-29
ALSA-2025:0711,https://lwn.net/Articles/1006637,python-jinja2,2025-01-29
ALSA-2025:0743,https://lwn.net/Articles/1006634,keepalived,2025-01-29
ALSA-2025:0693,https://lwn.net/Articles/1006638,redis,2025-01-29
ALSA-2025:0739,https://lwn.net/Articles/1006636,mariadb:10.5,2025-01-29
ALSA-2025:0673,https://lwn.net/Articles/1006210,git-lfs,2025-01-25
ALSA-2025:0422,https://lwn.net/Articles/1006211,java-17-openjdk,2025-01-25
ALSA-2025:0667,https://lwn.net/Articles/1006214,python-jinja2,2025-01-25
ALSA-2025:0578,https://lwn.net/Articles/1006213,kernel,2025-01-25
ALSA-2025:0426,https://lwn.net/Articles/1006212,java-21-openjdk,2025-01-25
ALSA-2025:0595,https://lwn.net/Articles/1005915,redis:6,2025-01-23
ALSA-2025:0401,https://lwn.net/Articles/1005689,grafana,2025-01-20
ALSA-2025:0377,https://lwn.net/Articles/1005595,NetworkManager,2025-01-18
ALSA-2025:0382,https://lwn.net/Articles/1005593,.NET 9.0,2025-01-18
ALSA-2025:0381,https://lwn.net/Articles/1005592,.NET 8.0,2025-01-18
ALSA-2025:0334,https://lwn.net/Articles/1005594,ipa,2025-01-18
ALSA-2025:0308,https://lwn.net/Articles/1005265,fence-agents,2025-01-15
ALSA-2025:0325,https://lwn.net/Articles/1005269,rsync,2025-01-15
ALSA-2025:0312,https://lwn.net/Articles/1005266,raptor2,2025-01-15
ALSA-2025:0314,https://lwn.net/Articles/1005267,raptor2,2025-01-15
ALSA-2025:0324,https://lwn.net/Articles/1005268,rsync,2025-01-15
ALSA-2024:11486,https://lwn.net/Articles/1005045,kernel,2025-01-13
ALSA-2025:0288,https://lwn.net/Articles/1005047,NetworkManager,2025-01-13
ALSA-2025:0059,https://lwn.net/Articles/1005046,kernel,2025-01-13
ALSA-2025:0281,https://lwn.net/Articles/1005048,thunderbird,2025-01-13
ALSA-2025:0145,https://lwn.net/Articles/1004908,webkit2gtk3,2025-01-10
ALSA-2025:0144,https://lwn.net/Articles/1004904,firefox,2025-01-10
ALSA-2025:0147,https://lwn.net/Articles/1004907,thunderbird,2025-01-10
ALSA-2025:0168,https://lwn.net/Articles/1004906,iperf3,2025-01-10
ALSA-2025:0161,https://lwn.net/Articles/1004905,iperf3,2025-01-10
ALSA-2025:0080,https://lwn.net/Articles/1004903,firefox,2025-01-10
ALSA-2025:0146,https://lwn.net/Articles/1004909,webkit2gtk3,2025-01-10
ALSA-2025:0222,https://lwn.net/Articles/1004902,dpdk,2025-01-10
ALSA-2025:0210,https://lwn.net/Articles/1004901,dpdk,2025-01-10
ALSA-2025:0065,https://lwn.net/Articles/1004513,kernel,2025-01-08
ALSA-2025:0083,https://lwn.net/Articles/1004512,cups,2025-01-08
ALSA-2025:0066,https://lwn.net/Articles/1004514,kernel-rt,2025-01-08
ALSA-2025:0012,https://lwn.net/Articles/1004325,python-requests,2025-01-06
ALSA-2024:11123,https://lwn.net/Articles/1003356,gstreamer1-plugins-base,2024-12-23
ALSA-2024:11216,https://lwn.net/Articles/1003354,containernetworking-plugins,2024-12-23
ALSA-2024:11238,https://lwn.net/Articles/1003365,python3.11-urllib3,2024-12-23
ALSA-2024:11232,https://lwn.net/Articles/1003369,unbound:1.16.2,2024-12-23
ALSA-2024:11111,https://lwn.net/Articles/1003364,python3.11,2024-12-23
ALSA-2024:11237,https://lwn.net/Articles/1003359,libsndfile:1.0.31,2024-12-23
ALSA-2024:10939,https://lwn.net/Articles/1003358,kernel,2024-12-23
ALSA-2024:11217,https://lwn.net/Articles/1003368,skopeo,2024-12-23
ALSA-2024:10978,https://lwn.net/Articles/1003366,python3.12,2024-12-23
ALSA-2024:10983,https://lwn.net/Articles/1003367,python3.9:3.9.21,2024-12-23
ALSA-2024:10949,https://lwn.net/Articles/1003363,php:8.2,2024-12-23
ALSA-2024:10950,https://lwn.net/Articles/1003362,php:8.1,2024-12-23
ALSA-2024:11242,https://lwn.net/Articles/1003360,mpg123:1.32.9,2024-12-23
ALSA-2024:11122,https://lwn.net/Articles/1003357,gstreamer1-plugins-good,2024-12-23
ALSA-2024:11250,https://lwn.net/Articles/1003361,pam,2024-12-23
ALSA-2024:11219,https://lwn.net/Articles/1003355,edk2:20240524,2024-12-23
ALSA-2024:11154,https://lwn.net/Articles/1002865,bluez,2024-12-18
ALSA-2024:11185,https://lwn.net/Articles/1002866,edk2:20220126gitbb1bba3d77,2024-12-18
ALSA-2024:11161,https://lwn.net/Articles/1002874,tuned,2024-12-18
ALSA-2024:11189,https://lwn.net/Articles/1002873,python3.11-urllib3,2024-12-18
ALSA-2024:10951,https://lwn.net/Articles/1002872,php:8.2,2024-12-18
ALSA-2024:11193,https://lwn.net/Articles/1002871,mpg123,2024-12-18
ALSA-2024:10944,https://lwn.net/Articles/1002870,kernel-rt,2024-12-18
ALSA-2024:10943,https://lwn.net/Articles/1002869,kernel,2024-12-18
ALSA-2024:11299,https://lwn.net/Articles/1002868,gstreamer1-plugins-good,2024-12-18
ALSA-2024:11345,https://lwn.net/Articles/1002867,gstreamer1-plugins-base,2024-12-18
ALSA-2024:10953,https://lwn.net/Articles/1002666,python36:3.6,2024-12-18
ALSA-2024:10980,https://lwn.net/Articles/1002665,python3.12,2024-12-18
ALSA-2024:10979,https://lwn.net/Articles/1002664,python3.11,2024-12-18
ALSA-2024:10952,https://lwn.net/Articles/1002663,php:7.4,2024-12-18
ALSA-2024:11192,https://lwn.net/Articles/1002662,libsndfile,2024-12-18
ALSA-2024:10831,https://lwn.net/Articles/1001563,postgresql:16,2024-12-10
ALSA-2024:10830,https://lwn.net/Articles/1001562,postgresql:15,2024-12-10
ALSA-2024:10834,https://lwn.net/Articles/1001564,ruby:3.1,2024-12-09
ALSA-2024:10860,https://lwn.net/Articles/1001389,ruby:3.1,2024-12-09
ALSA-2024:10850,https://lwn.net/Articles/1001388,ruby:2.5,2024-12-09
ALSA-2024:10858,https://lwn.net/Articles/1001387,ruby,2024-12-09
ALSA-2024:10869,https://lwn.net/Articles/1001386,redis:7,2024-12-09
ALSA-2024:10752,https://lwn.net/Articles/1001131,firefox,2024-12-05
ALSA-2024:10702,https://lwn.net/Articles/1001130,firefox,2024-12-05
ALSA-2024:10592,https://lwn.net/Articles/1001138,thunderbird,2024-12-05
ALSA-2024:10779,https://lwn.net/Articles/1001137,python3:3.6.8,2024-12-05
ALSA-2024:10591,https://lwn.net/Articles/1001139,thunderbird,2024-12-05
ALSA-2024:10788,https://lwn.net/Articles/1001136,postgresql:16,2024-12-05
ALSA-2024:10787,https://lwn.net/Articles/1001135,postgresql:15,2024-12-05
ALSA-2024:10832,https://lwn.net/Articles/1001134,postgresql:13,2024-12-05
ALSA-2024:10785,https://lwn.net/Articles/1001133,postgresql:12,2024-12-05
ALSA-2024:10791,https://lwn.net/Articles/1001132,postgresql,2024-12-05
ALSA-2024:10282,https://lwn.net/Articles/1000556,kernel-rt:4.18.0,2024-12-03
ALSA-2024:10289,https://lwn.net/Articles/1000554,container-tools:rhel8,2024-12-03
ALSA-2024:10274,https://lwn.net/Articles/1000555,kernel,2024-12-03
ALSA-2024:10590,https://lwn.net/Articles/1000562,python-tornado,2024-12-03
ALSA-2024:10472,https://lwn.net/Articles/1000566,webkit2gtk3,2024-12-03
ALSA-2024:10384,https://lwn.net/Articles/1000564,tuned,2024-12-03
ALSA-2024:10481,https://lwn.net/Articles/1000565,webkit2gtk3,2024-12-03
ALSA-2024:10090,https://lwn.net/Articles/1000563,tigervnc,2024-12-03
ALSA-2024:10219,https://lwn.net/Articles/1000561,perl-App-cpanminus:1.7044,2024-12-03
ALSA-2024:10218,https://lwn.net/Articles/1000560,perl-App-cpanminus,2024-12-03
ALSA-2024:10244,https://lwn.net/Articles/1000559,pam:1.5.1,2024-12-03
ALSA-2024:10379,https://lwn.net/Articles/1000558,pam,2024-12-03
ALSA-2024:10281,https://lwn.net/Articles/1000557,kernel:4.18.0,2024-12-03
ALSA-2024:9333,https://lwn.net/Articles/998940,openssl,2024-11-20
ALSA-2024:9555,https://lwn.net/Articles/998939,NetworkManager-libreswan,2024-11-20
ALSA-2024:9605,https://lwn.net/Articles/998938,kernel,2024-11-20
ALSA-2024:9097,https://lwn.net/Articles/998669,buildah,2024-11-19
ALSA-2024:9552,https://lwn.net/Articles/998722,thunderbird,2024-11-19
ALSA-2024:9543,https://lwn.net/Articles/998663,.NET 9.0,2024-11-19
ALSA-2024:9144,https://lwn.net/Articles/998727,webkit2gtk3,2024-11-19
ALSA-2024:9192,https://lwn.net/Articles/998709,python3.11,2024-11-19
ALSA-2024:9190,https://lwn.net/Articles/998713,python3.12,2024-11-19
ALSA-2024:9554,https://lwn.net/Articles/998676,firefox,2024-11-19
ALSA-2024:9114,https://lwn.net/Articles/998678,"gnome-shell, gnome-shell-extensions",2024-11-19
ALSA-2024:9115,https://lwn.net/Articles/998680,grafana,2024-11-19
ALSA-2024:9098,https://lwn.net/Articles/998720,skopeo,2024-11-18
ALSA-2024:9474,https://lwn.net/Articles/998686,krb5,2024-11-18
ALSA-2024:9625,https://lwn.net/Articles/998721,squid,2024-11-18
ALSA-2024:9413,https://lwn.net/Articles/998665,bluez,2024-11-18
ALSA-2024:9167,https://lwn.net/Articles/998703,poppler,2024-11-18
ALSA-2024:9243,https://lwn.net/Articles/998704,postfix,2024-11-18
ALSA-2024:9088,https://lwn.net/Articles/998674,edk2,2024-11-18
ALSA-2024:9470,https://lwn.net/Articles/998672,cups,2024-11-18
ALSA-2024:9452,https://lwn.net/Articles/998701,pcp,2024-11-18
ALSA-2024:9277,https://lwn.net/Articles/998698,oci-seccomp-bpf-hook,2024-11-18
ALSA-2024:9423,https://lwn.net/Articles/998705,python-dns,2024-11-18
ALSA-2024:9472,https://lwn.net/Articles/998681,grafana-pcp,2024-11-18
ALSA-2024:9089,https://lwn.net/Articles/998671,containernetworking-plugins,2024-11-18
ALSA-2024:9200,https://lwn.net/Articles/998719,runc,2024-11-18
ALSA-2024:9150,https://lwn.net/Articles/998706,python-jinja2,2024-11-18
ALSA-2024:9559,https://lwn.net/Articles/998689,libsoup,2024-11-18
ALSA-2024:9468,https://lwn.net/Articles/998716,python3.9,2024-11-18
ALSA-2024:9325,https://lwn.net/Articles/998670,cockpit,2024-11-18
ALSA-2024:9371,https://lwn.net/Articles/998717,python3.9,2024-11-18
ALSA-2024:9401,https://lwn.net/Articles/998693,microcode_ctl,2024-11-18
ALSA-2024:9306,https://lwn.net/Articles/998683,httpd,2024-11-18
ALSA-2024:9442,https://lwn.net/Articles/998694,mingw-glib2,2024-11-18
ALSA-2024:9548,https://lwn.net/Articles/998699,openexr,2024-11-18
ALSA-2024:9184,https://lwn.net/Articles/998682,gtk3,2024-11-18
ALSA-2024:9180,https://lwn.net/Articles/998695,mod_auth_openidc,2024-11-18
ALSA-2024:9093,https://lwn.net/Articles/998729,xorg-x11-server-Xwayland,2024-11-18
ALSA-2024:9193,https://lwn.net/Articles/998714,python3.12-PyMySQL,2024-11-18
ALSA-2024:9454,https://lwn.net/Articles/998702,podman,2024-11-18
ALSA-2024:9430,https://lwn.net/Articles/998696,nano,2024-11-18
ALSA-2024:9135,https://lwn.net/Articles/998723,toolbox,2024-11-18
ALSA-2024:9424,https://lwn.net/Articles/998724,tpm2-tools,2024-11-18
ALSA-2024:9473,https://lwn.net/Articles/998679,grafana,2024-11-18
ALSA-2024:9439,https://lwn.net/Articles/998677,fontforge,2024-11-18
ALSA-2024:9405,https://lwn.net/Articles/998725,vim,2024-11-18
ALSA-2024:9449,https://lwn.net/Articles/998667,"bubblewrap, flatpak",2024-11-18
ALSA-2024:9185,https://lwn.net/Articles/998684,iperf3,2024-11-18
ALSA-2024:9553,https://lwn.net/Articles/998726,webkit2gtk3,2024-11-18
ALSA-2024:9541,https://lwn.net/Articles/998675,expat,2024-11-18
ALSA-2024:9128,https://lwn.net/Articles/998690,libvirt,2024-11-18
ALSA-2024:9194,https://lwn.net/Articles/998710,python3.11-PyMySQL,2024-11-18
ALSA-2024:9458,https://lwn.net/Articles/998711,python3.11-urllib3,2024-11-18
ALSA-2024:9404,https://lwn.net/Articles/998688,libgcrypt,2024-11-18
ALSA-2024:9457,https://lwn.net/Articles/998715,python3.12-urllib3,2024-11-18
ALSA-2024:9122,https://lwn.net/Articles/998728,xorg-x11-server,2024-11-18
ALSA-2024:9827,https://lwn.net/Articles/998691,libvpx,2024-11-18
ALSA-2024:9459,https://lwn.net/Articles/998668,buildah,2024-11-18
ALSA-2024:9451,https://lwn.net/Articles/998712,python3.12,2024-11-18
ALSA-2024:9188,https://lwn.net/Articles/998666,bpftrace,2024-11-18
ALSA-2024:9195,https://lwn.net/Articles/998673,cyrus-imapd,2024-11-18
ALSA-2024:9187,https://lwn.net/Articles/998664,bcc,2024-11-18
ALSA-2024:9181,https://lwn.net/Articles/998685,jose,2024-11-18
ALSA-2024:9331,https://lwn.net/Articles/998687,krb5,2024-11-18
ALSA-2024:9281,https://lwn.net/Articles/998707,python-jwcrypto,2024-11-18
ALSA-2024:9158,https://lwn.net/Articles/998692,lldpd,2024-11-18
ALSA-2024:9317,https://lwn.net/Articles/998697,NetworkManager,2024-11-18
ALSA-2024:9456,https://lwn.net/Articles/998700,osbuild-composer,2024-11-18
ALSA-2024:9450,https://lwn.net/Articles/998708,python3.11,2024-11-18
ALSA-2024:9136,https://lwn.net/Articles/998718,qemu-kvm,2024-11-18
ALSA-2024:9573,https://lwn.net/Articles/998521,libsoup,2024-11-15
ALSA-2024:9540,https://lwn.net/Articles/998523,tigervnc,2024-11-15
ALSA-2024:9636,https://lwn.net/Articles/998524,webkit2gtk3,2024-11-15
ALSA-2024:9689,https://lwn.net/Articles/998520,binutils,2024-11-15
ALSA-2024:9644,https://lwn.net/Articles/998522,squid:4,2024-11-15
ALSA-2024:9502,https://lwn.net/Articles/998016,expat,2024-11-13
ALSA-2024:9056,https://lwn.net/Articles/997890,gstreamer1-plugins-base,2024-11-12
ALSA-2024:9051,https://lwn.net/Articles/997714,podman,2024-11-11
ALSA-2024:8935,https://lwn.net/Articles/997458,edk2,2024-11-08
ALSA-2024:8831,https://lwn.net/Articles/997337,bcc,2024-11-06
ALSA-2024:8870,https://lwn.net/Articles/997344,kernel-rt,2024-11-06
ALSA-2024:8834,https://lwn.net/Articles/997347,python-gevent,2024-11-06
ALSA-2024:8859,https://lwn.net/Articles/997352,xmlrpc-c,2024-11-06
ALSA-2024:8798,https://lwn.net/Articles/997353,xorg-x11-server and xorg-x11-server-Xwayland,2024-11-06
ALSA-2024:8836,https://lwn.net/Articles/997350,python3.12,2024-11-06
ALSA-2024:8838,https://lwn.net/Articles/997348,python3.11,2024-11-06
ALSA-2024:8843,https://lwn.net/Articles/997349,python3.11-urllib3,2024-11-06
ALSA-2024:8846,https://lwn.net/Articles/997340,container-tools:rhel8,2024-11-06
ALSA-2024:8842,https://lwn.net/Articles/997351,python3.12-urllib3,2024-11-06
ALSA-2024:8922,https://lwn.net/Articles/997339,bzip2,2024-11-06
ALSA-2024:8849,https://lwn.net/Articles/997342,haproxy,2024-11-06
ALSA-2024:8860,https://lwn.net/Articles/997345,krb5,2024-11-06
ALSA-2024:8830,https://lwn.net/Articles/997338,bpftrace,2024-11-06
ALSA-2024:8833,https://lwn.net/Articles/997346,libtiff,2024-11-06
ALSA-2024:8870,https://lwn.net/Articles/997344,kernel-rt,2024-11-06
ALSA-2024:8922,https://lwn.net/Articles/997339,bzip2,2024-11-06
ALSA-2024:8914,https://lwn.net/Articles/997138,libtiff,2024-11-05
ALSA-2024:8790,https://lwn.net/Articles/997008,thunderbird,2024-11-04
ALSA-2024:8793,https://lwn.net/Articles/997009,thunderbird,2024-11-04
ALSA-2024:8800,https://lwn.net/Articles/997007,openexr,2024-11-04
ALSA-2024:8726,https://lwn.net/Articles/997006,firefox,2024-11-04
ALSA-2024:5363,https://lwn.net/Articles/996858,kernel,2024-11-03
ALSA-2024:4928,https://lwn.net/Articles/996857,kernel,2024-11-03
ALSA-2024:5928,https://lwn.net/Articles/996859,kernel,2024-11-03
ALSA-2024:2394,https://lwn.net/Articles/996851,kernel,2024-11-03
ALSA-2024:4349,https://lwn.net/Articles/996855,kernel,2024-11-03
ALSA-2024:3619,https://lwn.net/Articles/996854,kernel,2024-11-03
ALSA-2024:4583,https://lwn.net/Articles/996856,kernel,2024-11-03
ALSA-2024:6567,https://lwn.net/Articles/996860,kernel,2024-11-03
ALSA-2024:6997,https://lwn.net/Articles/996861,kernel,2024-11-03
ALSA-2024:8729,https://lwn.net/Articles/996849,firefox,2024-11-03
ALSA-2024:8678,https://lwn.net/Articles/996850,grafana,2024-11-03
ALSA-2024:2758,https://lwn.net/Articles/996852,kernel,2024-11-03
ALSA-2024:3306,https://lwn.net/Articles/996853,kernel,2024-11-03
ALSA-2024:8680,https://lwn.net/Articles/996863,mod_http2,2024-11-03
ALSA-2024:8617,https://lwn.net/Articles/996862,kernel,2024-11-03
ALSA-2024:8563,https://lwn.net/Articles/996286,buildah,2024-10-29
ALSA-2024:8162,https://lwn.net/Articles/996025,kernel,2024-10-25
ALSA-2024:8447,https://lwn.net/Articles/996026,python3.12,2024-10-25
ALSA-2024:8446,https://lwn.net/Articles/996027,python3.9,2024-10-25
ALSA-2024:8374,https://lwn.net/Articles/995508,python3.11,2024-10-24
ALSA-2024:8353,https://lwn.net/Articles/995507,NetworkManager-libreswan,2024-10-24
ALSA-2024:8359,https://lwn.net/Articles/995509,python39:3.9 and python39-devel:3.9,2024-10-24
ALSA-2024:8327,https://lwn.net/Articles/995506,grafana,2024-10-23
ALSA-2024:8124,https://lwn.net/Articles/994688,java-17-openjdk,2024-10-18
ALSA-2024:8117,https://lwn.net/Articles/994683,java-1.8.0-openjdk,2024-10-18
ALSA-2024:8121,https://lwn.net/Articles/994685,java-11-openjdk,2024-10-18
ALSA-2024:8117,https://lwn.net/Articles/994684,java-1.8.0-openjdk,2024-10-18
ALSA-2024:8121,https://lwn.net/Articles/994686,java-11-openjdk,2024-10-18
ALSA-2024:8127,https://lwn.net/Articles/994690,java-21-openjdk,2024-10-18
ALSA-2024:8124,https://lwn.net/Articles/994687,java-17-openjdk,2024-10-18
ALSA-2024:8127,https://lwn.net/Articles/994689,java-21-openjdk,2024-10-18
ALSA-2024:8180,https://lwn.net/Articles/994691,webkit2gtk3,2024-10-18
ALSA-2024:8110,https://lwn.net/Articles/994415,containernetworking-plugins,2024-10-16
ALSA-2024:8111,https://lwn.net/Articles/994416,skopeo,2024-10-16
ALSA-2024:8112,https://lwn.net/Articles/994414,buildah,2024-10-16
ALSA-2024:8038,https://lwn.net/Articles/994208,container-tools:rhel8,2024-10-15
ALSA-2024:7958,https://lwn.net/Articles/994210,firefox,2024-10-15
ALSA-2024:8024,https://lwn.net/Articles/994213,thunderbird,2024-10-15
ALSA-2024:8039,https://lwn.net/Articles/994212,podman,2024-10-15
ALSA-2024:8025,https://lwn.net/Articles/994214,thunderbird,2024-10-15
ALSA-2024:7977,https://lwn.net/Articles/994209,firefox,2024-10-15
ALSA-2024:8037,https://lwn.net/Articles/994211,OpenIPMI,2024-10-15
ALSA-2024:7867,https://lwn.net/Articles/993756,.NET 6.0,2024-10-11
ALSA-2024:7869,https://lwn.net/Articles/993759,.NET 8.0,2024-10-11
ALSA-2024:7851,https://lwn.net/Articles/993757,.NET 6.0,2024-10-10
ALSA-2024:7868,https://lwn.net/Articles/993758,.NET 8.0,2024-10-10
ALSA-2024:7848,https://lwn.net/Articles/993760,openssl,2024-10-10
ALSA-2024:7457,https://lwn.net/Articles/993426,mod_jk,2024-10-09
ALSA-2024:7700,https://lwn.net/Articles/993425,firefox,2024-10-09
ALSA-2024:7699,https://lwn.net/Articles/993427,thunderbird,2024-10-09
ALSA-2024:7505,https://lwn.net/Articles/992912,firefox,2024-10-04
ALSA-2024:7550,https://lwn.net/Articles/992913,golang,2024-10-04
ALSA-2024:7552,https://lwn.net/Articles/992915,thunderbird,2024-10-04
ALSA-2024:7484,https://lwn.net/Articles/992914,linux-firmware,2024-10-04
ALSA-2024:7481,https://lwn.net/Articles/993117,linux-firmware,2024-10-04
ALSA-2024:7502,https://lwn.net/Articles/993116,go-toolset:rhel8,2024-10-04
ALSA-2024:7463,https://lwn.net/Articles/992783,cups-filters,2024-10-03
ALSA-2024:7349,https://lwn.net/Articles/992620,grafana,2024-10-01
ALSA-2024:7346,https://lwn.net/Articles/992230,cups-filters,2024-09-28
ALSA-2024:7204,https://lwn.net/Articles/992232,osbuild-composer,2024-09-27
ALSA-2024:7260,https://lwn.net/Articles/992231,net-snmp,2024-09-27
ALSA-2024:7262,https://lwn.net/Articles/992233,osbuild-composer,2024-09-27
ALSA-2024:7136,https://lwn.net/Articles/991853,git-lfs,2024-09-26
ALSA-2024:7135,https://lwn.net/Articles/991852,git-lfs,2024-09-26
ALSA-2024:7000,https://lwn.net/Articles/991859,kernel,2024-09-25
ALSA-2024:7001,https://lwn.net/Articles/991860,kernel-rt,2024-09-25
ALSA-2024:6947,https://lwn.net/Articles/991856,grafana,2024-09-25
ALSA-2024:6946,https://lwn.net/Articles/991857,grafana-pcp,2024-09-25
ALSA-2024:6989,https://lwn.net/Articles/991851,expat,2024-09-25
ALSA-2024:6987,https://lwn.net/Articles/991850,emacs,2024-09-25
ALSA-2024:6908,https://lwn.net/Articles/991854,go-toolset:rhel8,2024-09-25
ALSA-2024:6913,https://lwn.net/Articles/991855,golang,2024-09-25
ALSA-2024:6964,https://lwn.net/Articles/991865,virt:rhel and virt-devel:rhel,2024-09-25
ALSA-2024:6963,https://lwn.net/Articles/991858,gtk3,2024-09-25
ALSA-2024:6962,https://lwn.net/Articles/991863,python3.11,2024-09-25
ALSA-2024:6986,https://lwn.net/Articles/991861,nano,2024-09-25
ALSA-2024:6969,https://lwn.net/Articles/991848,container-tools:rhel8,2024-09-25
ALSA-2024:6973,https://lwn.net/Articles/991849,dovecot,2024-09-25
ALSA-2024:6961,https://lwn.net/Articles/991864,python3.12,2024-09-25
ALSA-2024:6975,https://lwn.net/Articles/991862,python3,2024-09-25
ALSA-2024:6837,https://lwn.net/Articles/991327,pcp,2024-09-20
ALSA-2024:6681,https://lwn.net/Articles/991323,firefox,2024-09-20
ALSA-2024:6848,https://lwn.net/Articles/991328,pcp,2024-09-20
ALSA-2024:6754,https://lwn.net/Articles/991321,expat,2024-09-20
ALSA-2024:6684,https://lwn.net/Articles/991332,thunderbird,2024-09-20
ALSA-2024:6785,https://lwn.net/Articles/991330,ruby:3.3,2024-09-20
ALSA-2024:6726,https://lwn.net/Articles/991322,fence-agents,2024-09-20
ALSA-2024:6784,https://lwn.net/Articles/991329,ruby:3.3,2024-09-20
ALSA-2024:6683,https://lwn.net/Articles/991331,thunderbird,2024-09-20
ALSA-2024:6757,https://lwn.net/Articles/991325,libnbd,2024-09-20
ALSA-2024:6682,https://lwn.net/Articles/991324,firefox,2024-09-20
ALSA-2024:6783,https://lwn.net/Articles/991326,openssl,2024-09-20
ALSA-2024:6670,https://lwn.net/Articles/990711,pcs,2024-09-17
ALSA-2024:6569,https://lwn.net/Articles/989739,389-ds:1.4,2024-09-11
ALSA-2024:6529,https://lwn.net/Articles/989740,dovecot,2024-09-11
ALSA-2024:6510,https://lwn.net/Articles/989741,emacs,2024-09-11
ALSA-2024:6464,https://lwn.net/Articles/989742,glib2,2024-09-11
ALSA-2024:6422,https://lwn.net/Articles/989162,"bubblewrap, flatpak",2024-09-06
ALSA-2024:6356,https://lwn.net/Articles/988993,bubblewrap and flatpak,2024-09-05
ALSA-2024:6311,https://lwn.net/Articles/989002,resource-agents,2024-09-05
ALSA-2024:6309,https://lwn.net/Articles/988995,fence-agents,2024-09-05
ALSA-2024:6166,https://lwn.net/Articles/988997,krb5,2024-09-04
ALSA-2024:6192,https://lwn.net/Articles/989004,wget,2024-09-04
ALSA-2024:6188,https://lwn.net/Articles/989003,runc,2024-09-04
ALSA-2024:6163,https://lwn.net/Articles/989001,python3.9,2024-09-04
ALSA-2024:6179,https://lwn.net/Articles/989000,python3.11,2024-09-04
ALSA-2024:6194,https://lwn.net/Articles/988999,podman,2024-09-04
ALSA-2024:6184,https://lwn.net/Articles/988998,orc,2024-09-04
ALSA-2024:6197,https://lwn.net/Articles/988996,ghostscript,2024-09-04
ALSA-2024:6186,https://lwn.net/Articles/988994,containernetworking-plugins,2024-09-04
ALSA-2024:6146,https://lwn.net/Articles/988540,python3.12,2024-09-03
ALSA-2024:6148,https://lwn.net/Articles/988705,nodejs:18,2024-09-03
ALSA-2024:6187,https://lwn.net/Articles/988703,gvisor-tap-vsock,2024-09-03
ALSA-2024:6189,https://lwn.net/Articles/988702,buildah,2024-09-03
ALSA-2024:6147,https://lwn.net/Articles/988704,nodejs:18,2024-09-03
ALSA-2024:6195,https://lwn.net/Articles/988707,skopeo,2024-09-03
ALSA-2024:6162,https://lwn.net/Articles/988706,python-urllib3,2024-09-03
ALSA-2024:5927,https://lwn.net/Articles/988339,postgresql:16,2024-08-30
ALSA-2024:6018,https://lwn.net/Articles/987827,postgresql:13,2024-08-29
ALSA-2024:5999,https://lwn.net/Articles/987825,postgresql,2024-08-29
ALSA-2024:5929,https://lwn.net/Articles/987652,postgresql:16,2024-08-29
ALSA-2024:5231,https://lwn.net/Articles/987651,bind and bind-dyndb-ldap,2024-08-29
ALSA-2024:6020,https://lwn.net/Articles/987829,postgresql:15,2024-08-29
ALSA-2024:5941,https://lwn.net/Articles/987824,libvpx,2024-08-29
ALSA-2024:5962,https://lwn.net/Articles/987830,python39:3.9 and python39-devel:3.9,2024-08-29
ALSA-2024:6001,https://lwn.net/Articles/987828,postgresql:15,2024-08-29
ALSA-2024:6000,https://lwn.net/Articles/987826,postgresql:12,2024-08-29
ALSA-2024:5814,https://lwn.net/Articles/987386,nodejs:20,2024-08-26
ALSA-2024:5815,https://lwn.net/Articles/987387,nodejs:20,2024-08-26
ALSA-2024:5294,https://lwn.net/Articles/986806,jose,2024-08-21
ALSA-2024:5291,https://lwn.net/Articles/986805,grafana,2024-08-21
ALSA-2024:5391,https://lwn.net/Articles/986803,firefox,2024-08-21
ALSA-2024:5322,https://lwn.net/Articles/986802,firefox,2024-08-21
ALSA-2024:5297,https://lwn.net/Articles/986801,edk2,2024-08-21
ALSA-2024:5654,https://lwn.net/Articles/986800,curl,2024-08-21
ALSA-2024:5529,https://lwn.net/Articles/986799,curl,2024-08-21
ALSA-2024:5390,https://lwn.net/Articles/986798,bind9.16,2024-08-21
ALSA-2024:5524,https://lwn.net/Articles/986797,bind,2024-08-21
ALSA-2024:5532,https://lwn.net/Articles/986818,python3.11-setuptools,2024-08-21
ALSA-2024:5309,https://lwn.net/Articles/986816,python-urllib3,2024-08-21
ALSA-2024:5298,https://lwn.net/Articles/986804,gnome-shell,2024-08-21
ALSA-2024:5334,https://lwn.net/Articles/986795,.NET 8.0,2024-08-21
ALSA-2024:5337,https://lwn.net/Articles/986796,.NET 8.0,2024-08-21
ALSA-2024:5299,https://lwn.net/Articles/986825,wget,2024-08-21
ALSA-2024:5694,https://lwn.net/Articles/986824,tomcat,2024-08-21
ALSA-2024:5693,https://lwn.net/Articles/986823,tomcat,2024-08-21
ALSA-2024:5402,https://lwn.net/Articles/986822,thunderbird,2024-08-21
ALSA-2024:5392,https://lwn.net/Articles/986821,thunderbird,2024-08-21
ALSA-2024:5533,https://lwn.net/Articles/986820,python3.12-setuptools,2024-08-21
ALSA-2024:5531,https://lwn.net/Articles/986819,python3.12-setuptools,2024-08-21
ALSA-2024:5279,https://lwn.net/Articles/986817,python3.11-setuptools,2024-08-21
ALSA-2024:5534,https://lwn.net/Articles/986815,python-setuptools,2024-08-21
ALSA-2024:5530,https://lwn.net/Articles/986814,python-setuptools,2024-08-21
ALSA-2024:5305,https://lwn.net/Articles/986813,poppler,2024-08-21
ALSA-2024:5338,https://lwn.net/Articles/986812,pcs,2024-08-21
ALSA-2024:5306,https://lwn.net/Articles/986811,orc,2024-08-21
ALSA-2024:5289,https://lwn.net/Articles/986810,mod_auth_openidc:2.3,2024-08-21
ALSA-2024:5598,https://lwn.net/Articles/986809,libreoffice,2024-08-21
ALSA-2024:5583,https://lwn.net/Articles/986808,libreoffice,2024-08-21
ALSA-2024:5312,https://lwn.net/Articles/986807,krb5,2024-08-21
ALSA-2024:5258,https://lwn.net/Articles/985823,container-tools:rhel8,2024-08-14
ALSA-2024:5192,https://lwn.net/Articles/985599,389-ds-base,2024-08-13
ALSA-2024:5193,https://lwn.net/Articles/985308,httpd:2.4,2024-08-12
ALSA-2024:5102,https://lwn.net/Articles/984937,kernel-rt,2024-08-09
ALSA-2024:5101,https://lwn.net/Articles/984936,kernel,2024-08-09
ALSA-2024:5079,https://lwn.net/Articles/984938,libtiff,2024-08-08
ALSA-2024:5138,https://lwn.net/Articles/984935,httpd,2024-08-08
ALSA-2024:4935,https://lwn.net/Articles/984786,freeradius,2024-08-07
ALSA-2024:4936,https://lwn.net/Articles/984787,freeradius:3.0,2024-08-07
ALSA-2024:4567,https://lwn.net/Articles/983796,java-11-openjdk,2024-07-26
ALSA-2024:4861,https://lwn.net/Articles/983491,squid,2024-07-26
ALSA-2024:4749,https://lwn.net/Articles/983307,edk2,2024-07-25
ALSA-2024:4779,https://lwn.net/Articles/983314,python3,2024-07-25
ALSA-2024:4774,https://lwn.net/Articles/983490,linux-firmware,2024-07-25
ALSA-2024:4755,https://lwn.net/Articles/983310,libreoffice,2024-07-25
ALSA-2024:4762,https://lwn.net/Articles/983315,runc,2024-07-25
ALSA-2024:4757,https://lwn.net/Articles/983312,libvirt,2024-07-25
ALSA-2024:4726,https://lwn.net/Articles/983308,httpd,2024-07-25
ALSA-2024:4776,https://lwn.net/Articles/983306,cups,2024-07-25
ALSA-2024:4761,https://lwn.net/Articles/983305,containernetworking-plugins,2024-07-25
ALSA-2024:4756,https://lwn.net/Articles/983311,libuv,2024-07-25
ALSA-2024:4766,https://lwn.net/Articles/983313,python3,2024-07-25
ALSA-2024:4720,https://lwn.net/Articles/983309,httpd:2.4,2024-07-24
ALSA-2024:4636,https://lwn.net/Articles/982531,libndp,2024-07-19
ALSA-2024:4563,https://lwn.net/Articles/982525,java-1.8.0-openjdk,2024-07-19
ALSA-2024:4617,https://lwn.net/Articles/982533,qt5-qtbase,2024-07-19
ALSA-2024:4623,https://lwn.net/Articles/982534,qt5-qtbase,2024-07-19
ALSA-2024:4624,https://lwn.net/Articles/982538,thunderbird,2024-07-19
ALSA-2024:4620,https://lwn.net/Articles/982530,libndp,2024-07-19
ALSA-2024:4635,https://lwn.net/Articles/982537,thunderbird,2024-07-19
ALSA-2024:4568,https://lwn.net/Articles/982527,java-17-openjdk,2024-07-18
ALSA-2024:4573,https://lwn.net/Articles/982529,java-21-openjdk,2024-07-18
ALSA-2024:4457,https://lwn.net/Articles/982532,openssh,2024-07-18
ALSA-2024:4499,https://lwn.net/Articles/982535,ruby,2024-07-18
ALSA-2024:4517,https://lwn.net/Articles/982524,firefox,2024-07-18
ALSA-2024:4568,https://lwn.net/Articles/982526,java-17-openjdk,2024-07-18
ALSA-2024:4502,https://lwn.net/Articles/982536,skopeo,2024-07-18
ALSA-2024:4500,https://lwn.net/Articles/982523,firefox,2024-07-18
ALSA-2024:4573,https://lwn.net/Articles/982528,java-21-openjdk,2024-07-18
ALSA-2024:4450,https://lwn.net/Articles/981689,dotnet8.0,2024-07-11
ALSA-2024:4420,https://lwn.net/Articles/981692,virt:rhel and virt-devel:rhel,2024-07-11
ALSA-2024:4438,https://lwn.net/Articles/981687,dotnet6.0,2024-07-11
ALSA-2024:4451,https://lwn.net/Articles/981690,dotnet8.0,2024-07-11
ALSA-2024:4422,https://lwn.net/Articles/981691,fence-agents,2024-07-10
ALSA-2024:4439,https://lwn.net/Articles/981688,dotnet6.0,2024-07-10
ALSA-2024:4367,https://lwn.net/Articles/981468,pki-core,2024-07-09
ALSA-2024:4378,https://lwn.net/Articles/981469,podman,2024-07-09
ALSA-2024:4371,https://lwn.net/Articles/981463,buildah,2024-07-09
ALSA-2024:4379,https://lwn.net/Articles/981464,gvisor-tap-vsock,2024-07-09
ALSA-2024:4352,https://lwn.net/Articles/981465,kernel-rt,2024-07-09
ALSA-2024:4376,https://lwn.net/Articles/981466,libreswan,2024-07-09
ALSA-2024:4262,https://lwn.net/Articles/981467,linux-firmware,2024-07-09
ALSA-2024:4351,https://lwn.net/Articles/981258,virt:rhel and virt-devel:rhel,2024-07-08
ALSA-2024:4312,https://lwn.net/Articles/981081,openssh,2024-07-05
ALSA-2024:4235,https://lwn.net/Articles/980700,389-ds,2024-07-04
ALSA-2024:4242,https://lwn.net/Articles/980708,libreoffice,2024-07-04
ALSA-2024:4264,https://lwn.net/Articles/980711,openldap,2024-07-03
ALSA-2024:4252,https://lwn.net/Articles/980710,nghttp2,2024-07-03
ALSA-2024:4256,https://lwn.net/Articles/980707,less,2024-07-03
ALSA-2024:4241,https://lwn.net/Articles/980706,iperf3,2024-07-03
ALSA-2024:4237,https://lwn.net/Articles/980705,go-toolset,2024-07-03
ALSA-2024:4265,https://lwn.net/Articles/980703,cups,2024-07-03
ALSA-2024:4246,https://lwn.net/Articles/980702,container-tools,2024-07-03
ALSA-2024:4249,https://lwn.net/Articles/980701,c-ares,2024-07-03
ALSA-2024:4243,https://lwn.net/Articles/980716,python3,2024-07-03
ALSA-2024:4260,https://lwn.net/Articles/980712,python-idna,2024-07-03
ALSA-2024:4267,https://lwn.net/Articles/980704,fontforge,2024-07-03
ALSA-2024:4278,https://lwn.net/Articles/980718,qemu-kvm,2024-07-03
ALSA-2024:4245,https://lwn.net/Articles/980715,python3,2024-07-03
ALSA-2024:4227,https://lwn.net/Articles/980714,python-pillow,2024-07-03
ALSA-2024:4231,https://lwn.net/Articles/980713,python-jinja2,2024-07-03
ALSA-2024:4247,https://lwn.net/Articles/980709,libuv,2024-07-03
ALSA-2024:4259,https://lwn.net/Articles/980719,xmlrpc-c,2024-07-03
ALSA-2024:4244,https://lwn.net/Articles/980717,python3.11-PyMySQL,2024-07-03
ALSA-2024:4197,https://lwn.net/Articles/980370,httpd:2.4/httpd,2024-07-02
ALSA-2024:4212,https://lwn.net/Articles/980523,golang,2024-07-02
ALSA-2024:4211,https://lwn.net/Articles/980524,kernel,2024-07-02
ALSA-2024:4165,https://lwn.net/Articles/979983,pki-core,2024-06-27
ALSA-2024:4084,https://lwn.net/Articles/979713,git,2024-06-25
ALSA-2024:4083,https://lwn.net/Articles/979712,git,2024-06-25
ALSA-2024:4077,https://lwn.net/Articles/979714,python3.11,2024-06-25
ALSA-2024:4078,https://lwn.net/Articles/979715,python3.9,2024-06-25
ALSA-2024:4058,https://lwn.net/Articles/979583,python3.11,2024-06-24
ALSA-2024:3754,https://lwn.net/Articles/979493,ipa,2024-06-24
ALSA-2024:4050,https://lwn.net/Articles/979494,libreswan,2024-06-24
ALSA-2024:4036,https://lwn.net/Articles/979241,thunderbird,2024-06-21
ALSA-2024:3784,https://lwn.net/Articles/979240,thunderbird,2024-06-21
ALSA-2024:3755,https://lwn.net/Articles/979239,idm:DL1,2024-06-21
ALSA-2024:3783,https://lwn.net/Articles/979237,firefox,2024-06-21
ALSA-2024:3999,https://lwn.net/Articles/979139,ghostscript,2024-06-20
ALSA-2024:4002,https://lwn.net/Articles/979140,thunderbird,2024-06-20
ALSA-2024:4000,https://lwn.net/Articles/979238,ghostscript,2024-06-20
ALSA-2024:3954,https://lwn.net/Articles/978878,firefox,2024-06-19
ALSA-2024:3959,https://lwn.net/Articles/978880,flatpak,2024-06-19
ALSA-2024:3961,https://lwn.net/Articles/978881,flatpak,2024-06-19
ALSA-2024:3955,https://lwn.net/Articles/978879,firefox,2024-06-19
ALSA-2024:3968,https://lwn.net/Articles/978877,container-tools,2024-06-19
ALSA-2024:3834,https://lwn.net/Articles/978668,gdk-pixbuf2,2024-06-14
ALSA-2024:3838,https://lwn.net/Articles/978674,ruby,2024-06-14
ALSA-2024:3837,https://lwn.net/Articles/978662,389-ds-base,2024-06-14
ALSA-2024:3827,https://lwn.net/Articles/978663,buildah,2024-06-14
ALSA-2024:3843,https://lwn.net/Articles/978665,cockpit,2024-06-14
ALSA-2024:3842,https://lwn.net/Articles/978664,c-ares,2024-06-14
ALSA-2024:3820,https://lwn.net/Articles/978667,fence-agents,2024-06-14
ALSA-2024:3830,https://lwn.net/Articles/978669,gvisor-tap-vsock,2024-06-14
ALSA-2024:3835,https://lwn.net/Articles/978670,libreoffice,2024-06-14
ALSA-2024:3826,https://lwn.net/Articles/978671,podman,2024-06-14
ALSA-2024:3846,https://lwn.net/Articles/978672,python-idna,2024-06-14
ALSA-2024:3831,https://lwn.net/Articles/978666,containernetworking-plugins,2024-06-14
ALSA-2024:3823,https://lwn.net/Articles/978673,rpm-ostree,2024-06-14
ALSA-2024:3659,https://lwn.net/Articles/978109,booth,2024-06-11
ALSA-2024:3661,https://lwn.net/Articles/978110,booth,2024-06-11
ALSA-2024:3670,https://lwn.net/Articles/977895,ruby:3.3,2024-06-10
ALSA-2024:3671,https://lwn.net/Articles/977896,ruby:3.3,2024-06-10
ALSA-2024:3667,https://lwn.net/Articles/977416,cockpit,2024-06-06
ALSA-2024:3666,https://lwn.net/Articles/977422,tomcat,2024-06-06
ALSA-2024:3668,https://lwn.net/Articles/977421,ruby:3.1,2024-06-06
ALSA-2024:3546,https://lwn.net/Articles/977420,ruby:3.1,2024-06-05
ALSA-2024:3626,https://lwn.net/Articles/977419,libxml2,2024-06-05
ALSA-2024:3618,https://lwn.net/Articles/977417,kernel,2024-06-05
ALSA-2024:3627,https://lwn.net/Articles/977418,kernel-rt,2024-06-05
ALSA-2024:3466,https://lwn.net/Articles/976553,python39:3.9 and python39-devel:3.9,2024-05-31
ALSA-2024:3500,https://lwn.net/Articles/976554,ruby:3.0,2024-05-31
ALSA-2024:2952,https://lwn.net/Articles/976280,resource-agents,2024-05-30
ALSA-2024:3043,https://lwn.net/Articles/976225,"ansible-core bug fix, enhancement, and",2024-05-30
ALSA-2024:3030,https://lwn.net/Articles/976253,libsndfile,2024-05-30
ALSA-2024:3340,https://lwn.net/Articles/976222,.NET 7.0,2024-05-30
ALSA-2024:3058,https://lwn.net/Articles/976258,mutt,2024-05-30
ALSA-2024:2961,https://lwn.net/Articles/976247,"Image builder components bug fix, enhancement and",2024-05-30
ALSA-2024:3268,https://lwn.net/Articles/976250,krb5,2024-05-30
ALSA-2024:2994,https://lwn.net/Articles/976252,LibRaw,2024-05-30
ALSA-2024:3513,https://lwn.net/Articles/976251,less,2024-05-30
ALSA-2024:2950,https://lwn.net/Articles/976249,kernel-rt,2024-05-30
ALSA-2024:3233,https://lwn.net/Articles/976254,libssh,2024-05-30
ALSA-2024:3022,https://lwn.net/Articles/976257,motif,2024-05-30
ALSA-2024:3178,https://lwn.net/Articles/976256,linux-firmware,2024-05-30
ALSA-2024:2974,https://lwn.net/Articles/976255,libXpm,2024-05-30
ALSA-2024:3501,https://lwn.net/Articles/976259,nghttp2,2024-05-30
ALSA-2024:3264,https://lwn.net/Articles/976262,pcp,2024-05-30
ALSA-2024:3094,https://lwn.net/Articles/976265,perl-CPAN,2024-05-30
ALSA-2024:3049,https://lwn.net/Articles/976264,perl-Convert-ASN1,2024-05-30
ALSA-2024:3128,https://lwn.net/Articles/976266,perl:5.32,2024-05-30
ALSA-2024:2953,https://lwn.net/Articles/976263,pcs,2024-05-30
ALSA-2024:3163,https://lwn.net/Articles/976261,pam,2024-05-30
ALSA-2024:3166,https://lwn.net/Articles/976260,openssh,2024-05-30
ALSA-2024:3061,https://lwn.net/Articles/976267,pki-core:10.6 and pki-deps:10.6,2024-05-30
ALSA-2024:3275,https://lwn.net/Articles/976270,python-dns,2024-05-30
ALSA-2024:2979,https://lwn.net/Articles/976269,poppler,2024-05-30
ALSA-2024:3008,https://lwn.net/Articles/976268,pmix,2024-05-30
ALSA-2024:3005,https://lwn.net/Articles/976272,python-pillow,2024-05-30
ALSA-2024:3102,https://lwn.net/Articles/976271,python-jinja2,2024-05-30
ALSA-2024:3347,https://lwn.net/Articles/976274,python3,2024-05-30
ALSA-2024:2987,https://lwn.net/Articles/976273,python27:2.7,2024-05-30
ALSA-2024:3062,https://lwn.net/Articles/976275,python3.11,2024-05-30
ALSA-2024:2986,https://lwn.net/Articles/976277,python3.11-urllib3,2024-05-30
ALSA-2024:3105,https://lwn.net/Articles/976276,python3.11-cryptography,2024-05-30
ALSA-2024:3056,https://lwn.net/Articles/976279,qt5-qtbase,2024-05-30
ALSA-2024:2985,https://lwn.net/Articles/976278,python39:3.9 and python39-devel:3.9,2024-05-30
ALSA-2024:3067,https://lwn.net/Articles/976285,tigervnc,2024-05-30
ALSA-2024:3261,https://lwn.net/Articles/976284,tigervnc,2024-05-30
ALSA-2024:3203,https://lwn.net/Articles/976283,systemd,2024-05-30
ALSA-2024:3270,https://lwn.net/Articles/976282,sssd,2024-05-30
ALSA-2024:3139,https://lwn.net/Articles/976281,squashfs-tools,2024-05-30
ALSA-2024:3211,https://lwn.net/Articles/976286,traceroute,2024-05-30
ALSA-2024:2996,https://lwn.net/Articles/976291,xorg-x11-server-Xwayland,2024-05-30
ALSA-2024:2995,https://lwn.net/Articles/976290,xorg-x11-server,2024-05-30
ALSA-2024:3258,https://lwn.net/Articles/976289,xorg-x11-server,2024-05-30
ALSA-2024:2982,https://lwn.net/Articles/976288,webkit2gtk3,2024-05-30
ALSA-2024:3095,https://lwn.net/Articles/976287,vorbis-tools,2024-05-30
ALSA-2024:3343,https://lwn.net/Articles/976292,xorg-x11-server-Xwayland,2024-05-30
ALSA-2024:3127,https://lwn.net/Articles/976293,zziplib,2024-05-30
ALSA-2024:2973,https://lwn.net/Articles/976213,libX11,2024-05-30
ALSA-2024:3059,https://lwn.net/Articles/976214,libtiff,2024-05-30
ALSA-2024:3345,https://lwn.net/Articles/976223,.NET 8.0,2024-05-30
ALSA-2024:3120,https://lwn.net/Articles/976231,freeglut,2024-05-30
ALSA-2024:2968,https://lwn.net/Articles/976230,fence-agents,2024-05-30
ALSA-2024:3254,https://lwn.net/Articles/976227,container-tools:rhel8,2024-05-30
ALSA-2024:3066,https://lwn.net/Articles/976229,exempi,2024-05-30
ALSA-2024:3017,https://lwn.net/Articles/976228,edk2,2024-05-30
ALSA-2024:3271,https://lwn.net/Articles/976226,bind and dhcp,2024-05-30
ALSA-2024:3341,https://lwn.net/Articles/976233,gdk-pixbuf2,2024-05-30
ALSA-2024:2981,https://lwn.net/Articles/976232,frr,2024-05-30
ALSA-2024:3346,https://lwn.net/Articles/976235,git-lfs,2024-05-30
ALSA-2024:3269,https://lwn.net/Articles/976237,glibc,2024-05-30
ALSA-2024:3344,https://lwn.net/Articles/976236,glibc,2024-05-30
ALSA-2024:2966,https://lwn.net/Articles/976234,ghostscript,2024-05-30
ALSA-2024:3088,https://lwn.net/Articles/976243,gstreamer1-plugins-base,2024-05-30
ALSA-2024:3184,https://lwn.net/Articles/976241,grub2,2024-05-30
ALSA-2024:3214,https://lwn.net/Articles/976238,gmp,2024-05-30
ALSA-2024:3259,https://lwn.net/Articles/976239,go-toolset:rhel8,2024-05-30
ALSA-2024:3060,https://lwn.net/Articles/976242,gstreamer1-plugins-bad-free,2024-05-30
ALSA-2024:3265,https://lwn.net/Articles/976240,grafana,2024-05-30
ALSA-2024:2980,https://lwn.net/Articles/976245,harfbuzz,2024-05-30
ALSA-2024:3138,https://lwn.net/Articles/976248,kernel,2024-05-30
ALSA-2024:3121,https://lwn.net/Articles/976246,httpd:2.4,2024-05-30
ALSA-2024:3089,https://lwn.net/Articles/976244,gstreamer1-plugins-good,2024-05-30
ALSA-2024:3047,https://lwn.net/Articles/976224,389-ds:1.4,2024-05-30
ALSA-2024:3307,https://lwn.net/Articles/975668,tomcat,2024-05-28
ALSA-2024:3339,https://lwn.net/Articles/975667,glibc,2024-05-28
ALSA-2024:2888,https://lwn.net/Articles/974434,thunderbird,2024-05-21
ALSA-2024:2910,https://lwn.net/Articles/974433,nodejs,2024-05-21
ALSA-2024:2883,https://lwn.net/Articles/974432,firefox,2024-05-21
ALSA-2024:2853,https://lwn.net/Articles/973880,nodejs:20,2024-05-16
ALSA-2024:2843,https://lwn.net/Articles/973878,.NET 7.0,2024-05-16
ALSA-2024:2842,https://lwn.net/Articles/973879,.NET 8.0,2024-05-16
ALSA-2024:2779,https://lwn.net/Articles/973460,nodejs:18,2024-05-11
ALSA-2024:1902,https://lwn.net/Articles/973462,shim,2024-05-11
ALSA-2024:1903,https://lwn.net/Articles/973461,shim,2024-05-11
ALSA-2024:2699,https://lwn.net/Articles/973200,git-lfs,2024-05-09
ALSA-2024:2722,https://lwn.net/Articles/973202,glibc,2024-05-09
ALSA-2024:2780,https://lwn.net/Articles/973204,nodejs:18,2024-05-09
ALSA-2024:2724,https://lwn.net/Articles/973201,git-lfs,2024-05-09
ALSA-2024:2679,https://lwn.net/Articles/973203,libxml2,2024-05-09
ALSA-2024:2778,https://lwn.net/Articles/973205,nodejs:20,2024-05-09
ALSA-2024:2098,https://lwn.net/Articles/973199,container-tools:rhel8,2024-05-09
ALSA-2024:2084,https://lwn.net/Articles/973198,container-tools:4.0,2024-05-09
ALSA-2024:2145,https://lwn.net/Articles/972944,libX11,2024-05-07
ALSA-2024:2236,https://lwn.net/Articles/972943,libvirt,2024-05-07
ALSA-2024:2289,https://lwn.net/Articles/972942,libtiff,2024-05-07
ALSA-2024:2504,https://lwn.net/Articles/972941,libssh,2024-05-07
ALSA-2024:2184,https://lwn.net/Articles/972940,libsndfile,2024-05-07
ALSA-2024:2137,https://lwn.net/Articles/972939,LibRaw,2024-05-07
ALSA-2024:2204,https://lwn.net/Articles/972938,libnbd,2024-05-07
ALSA-2024:2295,https://lwn.net/Articles/972937,libjpeg-turbo,2024-05-07
ALSA-2024:2147,https://lwn.net/Articles/972936,ipa,2024-05-07
ALSA-2024:2278,https://lwn.net/Articles/972934,httpd,2024-05-07
ALSA-2024:2410,https://lwn.net/Articles/972933,harfbuzz,2024-05-07
ALSA-2024:2303,https://lwn.net/Articles/972932,gstreamer1-plugins-good,2024-05-07
ALSA-2024:2302,https://lwn.net/Articles/972931,gstreamer1-plugins-base,2024-05-07
ALSA-2024:2463,https://lwn.net/Articles/972964,systemd,2024-05-07
ALSA-2024:2079,https://lwn.net/Articles/972929,git-lfs,2024-05-07
ALSA-2024:2433,https://lwn.net/Articles/972920,avahi,2024-05-07
ALSA-2024:2208,https://lwn.net/Articles/972927,freerdp,2024-05-07
ALSA-2024:2366,https://lwn.net/Articles/972926,freeglut,2024-05-07
ALSA-2024:2180,https://lwn.net/Articles/972872,runc,2024-05-07
ALSA-2024:2512,https://lwn.net/Articles/972925,file,2024-05-07
ALSA-2024:2132,https://lwn.net/Articles/972924,fence-agents,2024-05-07
ALSA-2024:2211,https://lwn.net/Articles/972965,tcpdump,2024-05-07
ALSA-2024:2616,https://lwn.net/Articles/972966,tigervnc,2024-05-07
ALSA-2024:2298,https://lwn.net/Articles/972967,tigervnc,2024-05-07
ALSA-2024:2160,https://lwn.net/Articles/972968,toolbox,2024-05-07
ALSA-2024:2126,https://lwn.net/Articles/972969,webkit2gtk3,2024-05-07
ALSA-2024:2169,https://lwn.net/Articles/972970,xorg-x11-server,2024-05-07
ALSA-2024:2170,https://lwn.net/Articles/972971,xorg-x11-server-Xwayland,2024-05-07
ALSA-2024:2377,https://lwn.net/Articles/972972,zziplib,2024-05-07
ALSA-2024:2551,https://lwn.net/Articles/972973,bind,2024-05-07
ALSA-2024:2570,https://lwn.net/Articles/972975,gnutls,2024-05-07
ALSA-2024:2562,https://lwn.net/Articles/972976,golang,2024-05-07
ALSA-2024:2568,https://lwn.net/Articles/972977,grafana,2024-05-07
ALSA-2024:2156,https://lwn.net/Articles/972928,frr,2024-05-07
ALSA-2024:2560,https://lwn.net/Articles/972980,libvirt,2024-05-07
ALSA-2024:2528,https://lwn.net/Articles/972981,mingw-glib2,2024-05-07
ALSA-2024:2525,https://lwn.net/Articles/972982,mingw-pixman,2024-05-07
ALSA-2024:2564,https://lwn.net/Articles/972983,mod_http2,2024-05-07
ALSA-2024:2566,https://lwn.net/Articles/972984,pcp,2024-05-07
ALSA-2024:2548,https://lwn.net/Articles/972985,podman,2024-05-07
ALSA-2024:2559,https://lwn.net/Articles/972986,python-jwcrypto,2024-05-07
ALSA-2024:2549,https://lwn.net/Articles/972987,skopeo,2024-05-07
ALSA-2024:2571,https://lwn.net/Articles/972988,sssd,2024-05-07
ALSA-2024:2565,https://lwn.net/Articles/972979,libreswan,2024-05-07
ALSA-2024:2569,https://lwn.net/Articles/972978,grafana-pcp,2024-05-07
ALSA-2024:2246,https://lwn.net/Articles/972919,ansible-core,2024-05-07
ALSA-2024:2287,https://lwn.net/Articles/972930,gstreamer1-plugins-bad-free,2024-05-07
ALSA-2024:2239,https://lwn.net/Articles/972963,skopeo,2024-05-07
ALSA-2024:2276,https://lwn.net/Articles/972962,qt5-qtbase,2024-05-07
ALSA-2024:2135,https://lwn.net/Articles/972961,qemu-kvm,2024-05-07
ALSA-2024:2159,https://lwn.net/Articles/972960,python3.11-urllib3,2024-05-07
ALSA-2024:2337,https://lwn.net/Articles/972959,python3.11-cryptography,2024-05-07
ALSA-2024:2292,https://lwn.net/Articles/972958,python3.11,2024-05-07
ALSA-2024:2348,https://lwn.net/Articles/972957,python-jinja2,2024-05-07
ALSA-2024:2193,https://lwn.net/Articles/972956,podman,2024-05-07
ALSA-2024:2199,https://lwn.net/Articles/972955,pmix,2024-05-07
ALSA-2024:2228,https://lwn.net/Articles/972954,perl,2024-05-07
ALSA-2024:2213,https://lwn.net/Articles/972953,pcp,2024-05-07
ALSA-2024:2438,https://lwn.net/Articles/972952,pam,2024-05-07
ALSA-2024:2447,https://lwn.net/Articles/972951,openssl and openssl-fips-provider,2024-05-07
ALSA-2024:2290,https://lwn.net/Articles/972950,mutt,2024-05-07
ALSA-2024:2217,https://lwn.net/Articles/972949,motif,2024-05-07
ALSA-2024:2368,https://lwn.net/Articles/972947,mod_http2,2024-05-07
ALSA-2024:2353,https://lwn.net/Articles/972946,mingw components,2024-05-07
ALSA-2024:2146,https://lwn.net/Articles/972945,libXpm,2024-05-07
ALSA-2024:2550,https://lwn.net/Articles/972974,buildah,2024-05-07
ALSA-2024:2119,https://lwn.net/Articles/972935,osbuild-composer,2024-05-07
ALSA-2024:2387,https://lwn.net/Articles/972948,mod_jk and mod_proxy_cluster,2024-05-07
ALSA-2024:2264,https://lwn.net/Articles/972923,edk2,2024-05-07
ALSA-2024:2272,https://lwn.net/Articles/972922,containernetworking-plugins,2024-05-07
ALSA-2024:2245,https://lwn.net/Articles/972921,buildah,2024-05-07
ALSA-2024:1962,https://lwn.net/Articles/971446,go-toolset:rhel8,2024-04-29
ALSA-2024:1822,https://lwn.net/Articles/971448,java-11-openjdk,2024-04-29
ALSA-2024:1828,https://lwn.net/Articles/971449,java-21-openjdk,2024-04-29
ALSA-2024:1998,https://lwn.net/Articles/971450,libreswan,2024-04-29
ALSA-2024:2033,https://lwn.net/Articles/971451,libreswan,2024-04-29
ALSA-2024:1939,https://lwn.net/Articles/971452,thunderbird,2024-04-29
ALSA-2024:1940,https://lwn.net/Articles/971453,thunderbird,2024-04-29
ALSA-2024:2037,https://lwn.net/Articles/971454,tigervnc,2024-04-29
ALSA-2024:2055,https://lwn.net/Articles/971445,buildah,2024-04-29
ALSA-2024:1963,https://lwn.net/Articles/971447,golang,2024-04-29
ALSA-2024:1912,https://lwn.net/Articles/970753,firefox,2024-04-22
ALSA-2024:1908,https://lwn.net/Articles/970752,firefox,2024-04-22
ALSA-2024:1818,https://lwn.net/Articles/970755,java-1.8.0-openjdk,2024-04-19
ALSA-2024:1818,https://lwn.net/Articles/970754,java-1.8.0-openjdk,2024-04-19
ALSA-2024:1879,https://lwn.net/Articles/970482,gnutls,2024-04-18
ALSA-2024:1825,https://lwn.net/Articles/970483,java-17-openjdk,2024-04-18
ALSA-2024:1825,https://lwn.net/Articles/970484,java-17-openjdk,2024-04-18
ALSA-2024:1872,https://lwn.net/Articles/970485,mod_http2,2024-04-18
ALSA-2024:1376,https://lwn.net/Articles/970486,squid,2024-04-18
ALSA-2024:1375,https://lwn.net/Articles/969823,squid:4,2024-04-12
ALSA-2024:1750,https://lwn.net/Articles/969824,unbound,2024-04-12
ALSA-2024:1782,https://lwn.net/Articles/969819,bind and dhcp,2024-04-12
ALSA-2024:1751,https://lwn.net/Articles/969825,unbound,2024-04-12
ALSA-2024:1784,https://lwn.net/Articles/969821,gnutls,2024-04-12
ALSA-2024:1789,https://lwn.net/Articles/969818,bind,2024-04-12
ALSA-2024:1786,https://lwn.net/Articles/969822,httpd:2.4/mod_http2,2024-04-12
ALSA-2024:1781,https://lwn.net/Articles/969820,bind9.16,2024-04-12
ALSA-2024:1494,https://lwn.net/Articles/969454,thunderbird,2024-04-10
ALSA-2024:1688,https://lwn.net/Articles/969450,nodejs:20,2024-04-10
ALSA-2024:1719,https://lwn.net/Articles/969452,rear,2024-04-10
ALSA-2024:1503,https://lwn.net/Articles/969449,nodejs:18,2024-04-10
ALSA-2024:1514,https://lwn.net/Articles/969448,libreoffice,2024-04-10
ALSA-2024:1692,https://lwn.net/Articles/969447,less,2024-04-10
ALSA-2024:1687,https://lwn.net/Articles/969451,nodejs:20,2024-04-10
ALSA-2024:1607,https://lwn.net/Articles/969446,kernel,2024-04-10
ALSA-2024:1690,https://lwn.net/Articles/969456,varnish,2024-04-10
ALSA-2024:1691,https://lwn.net/Articles/969455,varnish,2024-04-10
ALSA-2024:1493,https://lwn.net/Articles/969453,thunderbird,2024-04-10
