Android,SELinux on Android,https://lwn.net/Articles/609511/
AppArmor,Linux security non-modules and AppArmor,https://lwn.net/Articles/239962/
AppArmor,TOMOYO Linux and pathname-based security,https://lwn.net/Articles/277833/
Authentication,FreeIPA: centralized identity management for Linux,https://lwn.net/Articles/528735/
Automotive,Linux and automotive computing security,https://lwn.net/Articles/518923/
Bootloaders,Cracking Linux with the backspace key?,https://lwn.net/Articles/668695/
Botnets,Linux botnets,https://lwn.net/Articles/325434/
Botnets,Linux/Moose: Interesting but ineffective,https://lwn.net/Articles/647080/
BSD,Capsicum for Linux,https://lwn.net/Articles/604015/
Bug reporting,Lessons from the linux-distros mailing list,https://lwn.net/Articles/874069/
Capabilities,Capsicum for Linux,https://lwn.net/Articles/604015/
Containers,Linux capabilities support for user namespaces,https://lwn.net/Articles/420624/
Containers,LSS: Secure Linux containers,https://lwn.net/Articles/515034/
Control-flow integrity,Improving control-flow integrity for Linux on RISC-V,https://lwn.net/Articles/977720/
Desktop,Linux malware: an incident and some solutions,https://lwn.net/Articles/367874/
Desktop,Linux autorun vulnerabilities?,https://lwn.net/Articles/427135/
Desktop,GStreamer and the state of Linux desktop security,https://lwn.net/Articles/708196/
Distributions,ParanoidLinux: from fiction to reality,https://lwn.net/Articles/301314/
Distributions,Deliberately insecure Linux distributions as practice targets,https://lwn.net/Articles/437221/
Distribution security,SELinux and Fedora,https://lwn.net/Articles/289224/
Distribution security,Arch Linux and (the lack of) package signing,https://lwn.net/Articles/434990/
Distribution security,Trouble at Linux Mint — and beyond,https://lwn.net/Articles/676967/
Distribution security,Fedora and SELinux relabeling,https://lwn.net/Articles/693620/
Distribution security,Removing run-time disabling for SELinux in Fedora,https://lwn.net/Articles/831748/
Distribution security,OpenWrt and SELinux,https://lwn.net/Articles/832876/
Distribution security,Lessons from the linux-distros mailing list,https://lwn.net/Articles/874069/
Distribution security,SELinuxDenyPtrace and security by default,https://lwn.net/Articles/491440/
Home network,LinuxCon: FreedomBox update and plans,https://lwn.net/Articles/456220/
Home network,Linux/Moose: Interesting but ineffective,https://lwn.net/Articles/647080/
Identity management,FreeIPA: centralized identity management for Linux,https://lwn.net/Articles/528735/
Integrity management,System integrity in Linux,https://lwn.net/Articles/309441/
Internet,LinuxCon: FreedomBox update and plans,https://lwn.net/Articles/456220/
Internet,Linux adds router denial-of-service prevention,https://lwn.net/Articles/379070/
Linux kernel,revoke() returns,https://lwn.net/Articles/262528/
Linux kernel,vmsplice(): the making of a local root exploit,https://lwn.net/Articles/268783/
Linux kernel,The rest of the vmsplice() exploit story,https://lwn.net/Articles/271688/
Linux kernel,Handling kernel security problems,https://lwn.net/Articles/290227/
Linux kernel,"Kernel security, year to date",https://lwn.net/Articles/297366/
Linux kernel,System calls and rootkits,https://lwn.net/Articles/297500/
Linux kernel,DR rootkit released under the GPL,https://lwn.net/Articles/297775/
Linux kernel,The future for grsecurity,https://lwn.net/Articles/313621/
Linux kernel,Seccomp and sandboxing,https://lwn.net/Articles/332974/
Linux kernel,Sanitizing kernel memory,https://lwn.net/Articles/334747/
Linux kernel,"Page sanitization, part 2",https://lwn.net/Articles/335698/
Linux kernel,"Fun with NULL pointers, part 1",https://lwn.net/Articles/342330/
Linux kernel,"Fun with NULL pointers, part 2",https://lwn.net/Articles/342420/
Linux kernel,"Null pointers, one month later",https://lwn.net/Articles/347390/
Linux kernel,/proc and directory permissions,https://lwn.net/Articles/359219/
Linux kernel,Another null pointer exploit,https://lwn.net/Articles/360328/
Linux kernel,The x86_64 DOS hole,https://lwn.net/Articles/372321/
Linux kernel,2.6.32.9 Release notes,https://lwn.net/Articles/375335/
Linux kernel,Linux adds router denial-of-service prevention,https://lwn.net/Articles/379070/
Linux kernel,"Symbolic links in ""sticky"" directories",https://lwn.net/Articles/390323/
Linux kernel,An ancient kernel hole is closed,https://lwn.net/Articles/400746/
Linux kernel,The hazards of 32/64-bit compatibility,https://lwn.net/Articles/406466/
Linux kernel,Trusted and encrypted keys,https://lwn.net/Articles/408439/
Linux kernel,Kernel vulnerabilities: old or new?,https://lwn.net/Articles/410606/
Linux kernel,Pathname-based hooks for SELinux?,https://lwn.net/Articles/419161/
Linux kernel,Extending the use of RO and NX,https://lwn.net/Articles/422487/
Linux kernel,Protecting /proc/slabinfo,https://lwn.net/Articles/432234/
Linux kernel,Seccomp: replacing security modules?,https://lwn.net/Articles/443099/
Linux kernel,Kernel address randomization,https://lwn.net/Articles/444503/
Linux kernel,Seccomp filters: No clear path,https://lwn.net/Articles/450291/
Linux kernel,Reactive vs. pro-active kernel security,https://lwn.net/Articles/451405/
Linux kernel,LSS: The kernel hardening roundtable,https://lwn.net/Articles/458805/
Linux kernel,Loading signed kernel modules,https://lwn.net/Articles/470906/
Linux kernel,Fixing the symlink race problem,https://lwn.net/Articles/472071/
Linux kernel,A privilege escalation via SCSI pass-through,https://lwn.net/Articles/474067/
Linux kernel,Yet another new approach to seccomp,https://lwn.net/Articles/475043/
Linux kernel,System call filtering and no_new_privs,https://lwn.net/Articles/475678/
Linux kernel,A /proc/PID/mem vulnerability,https://lwn.net/Articles/476947/
Linux kernel,Tightening security: not for the impatient,https://lwn.net/Articles/503660/
Linux kernel,Preparing the kernel for UEFI secure boot,https://lwn.net/Articles/514985/
Linux kernel,KS2012: Module signing,https://lwn.net/Articles/515007/
Linux kernel,LSS: Kernel security subsystem reports,https://lwn.net/Articles/517384/
Linux kernel,Supervisor mode access prevention,https://lwn.net/Articles/517475/
Linux kernel,The module signing endgame,https://lwn.net/Articles/525592/
Linux kernel,A rootkit dissected,https://lwn.net/Articles/525977/
Linux kernel,Filtering SCSI commands,https://lwn.net/Articles/535075/
Linux kernel,A story of three kernel vulnerabilities,https://lwn.net/Articles/538898/
Linux kernel,Opening up kernel security bug handling,https://lwn.net/Articles/566123/
Linux kernel,BSD-style securelevel comes to Linux — again,https://lwn.net/Articles/566169/
Linux kernel,Kernel address space layout randomization,https://lwn.net/Articles/569635/
Linux kernel,Two LSS talks,https://lwn.net/Articles/569861/
Linux kernel,"A proposal for ""silent"" port knocking",https://lwn.net/Articles/577164/
Linux kernel,Known-exploit detection for the kernel,https://lwn.net/Articles/577432/
Linux kernel,An x32 local exploit,https://lwn.net/Articles/584020/
Linux kernel,Adding CPU randomness to the entropy pool,https://lwn.net/Articles/586427/
Linux kernel,Unmixing the pool,https://lwn.net/Articles/590378/
Linux kernel,Who audits the audit code?,https://lwn.net/Articles/600568/
Linux kernel,Reworking kexec for signatures,https://lwn.net/Articles/603116/
Linux kernel,Capsicum for Linux,https://lwn.net/Articles/604015/
Linux kernel,A system call for random numbers: getrandom(),https://lwn.net/Articles/606141/
Linux kernel,SELinux on Android,https://lwn.net/Articles/609511/
Linux kernel,The security state of KVM,https://lwn.net/Articles/619376/
Linux kernel,The trouble with dropping groups,https://lwn.net/Articles/621612/
Linux kernel,Kernel support for SYN packet fingerprinting,https://lwn.net/Articles/644906/
Linux kernel,Firmware signing,https://lwn.net/Articles/645823/
Linux kernel,Enforcing mount options for sysfs and proc,https://lwn.net/Articles/647757/
Linux kernel,Nested NMIs lead to CVE-2015-3290,https://lwn.net/Articles/654418/
Linux kernel,A seccomp overview,https://lwn.net/Articles/656307/
Linux kernel,Unprivileged bpf(),https://lwn.net/Articles/660331/
Linux kernel,Looking at a few recent kernel security holes,https://lwn.net/Articles/661448/
Linux kernel,Kernel security: beyond bug fixing,https://lwn.net/Articles/662219/
Linux kernel,Security part 2,https://lwn.net/Articles/662907/
Linux kernel,TLS in the kernel,https://lwn.net/Articles/666509/
Linux kernel,Post-init read-only memory,https://lwn.net/Articles/666550/
Linux kernel,Encrypted file backup for ext4,https://lwn.net/Articles/668083/
Linux kernel,User namespaces + overlayfs = root privileges,https://lwn.net/Articles/671641/
Linux kernel,Controlling access to user namespaces,https://lwn.net/Articles/673597/
Linux kernel,A slow path to a fast fix,https://lwn.net/Articles/681062/
Linux kernel,A new stable security tree,https://lwn.net/Articles/683544/
Linux kernel,Replacing /dev/urandom,https://lwn.net/Articles/686033/
Linux kernel,Virtually mapped kernel stacks,https://lwn.net/Articles/692208/
Linux kernel,Virtually mapped stacks 2: thread_info strikes back,https://lwn.net/Articles/692953/
Linux kernel,Two approaches to reference count hardening,https://lwn.net/Articles/693038/
Linux kernel,Four new Android privilege escalations,https://lwn.net/Articles/696716/
Linux kernel,"Audit, namespaces, and containers",https://lwn.net/Articles/699819/
Linux kernel,Dirty COW and clean commit messages,https://lwn.net/Articles/704231/
Linux kernel,Defending against Rowhammer in the kernel,https://lwn.net/Articles/704920/
Linux kernel,SipHash in the kernel,https://lwn.net/Articles/711167/
Linux kernel,A pair of GCC plugins,https://lwn.net/Articles/712161/
Linux kernel,The case of the prematurely freed SKB,https://lwn.net/Articles/715811/
Linux kernel,refcount_t meets the network stack,https://lwn.net/Articles/718275/
Linux kernel,ARM pointer authentication,https://lwn.net/Articles/718888/
Linux kernel,Grsecurity goes private,https://lwn.net/Articles/721848/
Linux kernel,A farewell to set_fs()?,https://lwn.net/Articles/722267/
Linux kernel,Preventing stack guard-page hopping,https://lwn.net/Articles/725832/
Linux kernel,Attacking the kernel via its command line,https://lwn.net/Articles/725860/
Linux kernel,Ripples from Stack Clash,https://lwn.net/Articles/726580/
Linux kernel,Rethinking the Stack Clash fix,https://lwn.net/Articles/727703/
Linux kernel,Faster reference-count overflow protection,https://lwn.net/Articles/728675/
Linux kernel,unsafe_put_user() turns out to be unsafe,https://lwn.net/Articles/736348/
Linux kernel,KAISER: hiding the kernel from user space,https://lwn.net/Articles/738975/
Linux kernel,MAP_FIXED_SAFE,https://lwn.net/Articles/741369/
Linux kernel,The current state of kernel page-table isolation,https://lwn.net/Articles/741878/
Linux kernel,Notes from the Intelpocalypse,https://lwn.net/Articles/742702/
Linux kernel,Addressing Meltdown and Spectre in the kernel,https://lwn.net/Articles/743265/
Linux kernel,Meltdown/Spectre mitigation for 4.15 and beyond,https://lwn.net/Articles/744287/
Linux kernel,Meltdown and Spectre mitigations — a February update,https://lwn.net/Articles/746551/
Linux kernel,Kernel lockdown in 4.17?,https://lwn.net/Articles/750730/
Linux kernel,Kernel lockdown locked out — for now,https://lwn.net/Articles/751061/
Linux kernel,Kernel support for control-flow enforcement,https://lwn.net/Articles/758245/
Linux kernel,The return of the lockdown patches,https://lwn.net/Articles/784674/
Linux kernel,Control-flow integrity for the kernel,https://lwn.net/Articles/810077/
Linux kernel,Finer-grained kernel address-space layout randomization,https://lwn.net/Articles/812438/
Linux kernel,Challenges in protecting virtual machines from untrusted entities,https://lwn.net/Articles/838488/
Linux kernel,Patching until the COWs come home (part 1),https://lwn.net/Articles/849638/
Linux kernel,Patching until the COWs come home (part 2),https://lwn.net/Articles/849876/
Linux kernel,Intentionally buggy commits for fame—and papers,https://lwn.net/Articles/853717/
Linux kernel,Control-flow integrity in 5.13,https://lwn.net/Articles/856514/
Linux kernel,Handling argc==0 in the kernel,https://lwn.net/Articles/882799/
Linux kernel,Shadow stacks for user space,https://lwn.net/Articles/885220/
Linux kernel,User-space shadow stacks (maybe) for 6.4,https://lwn.net/Articles/926649/
Linux kernel,Shadow stacks for 64-bit Arm systems,https://lwn.net/Articles/940403/
Linux kernel,Kernel security reporting for distributions,https://lwn.net/Articles/941745/
Linux kernel,A turning point for CVE numbers,https://lwn.net/Articles/961978/
Linux kernel,Improving control-flow integrity for Linux on RISC-V,https://lwn.net/Articles/977720/
Linux kernel,May the FOLL_FORCE not be with you,https://lwn.net/Articles/983169/
Linux kernel,Increasing the range of address-space layout randomization,https://lwn.net/Articles/667790/
Linux kernel,When ELF notes reveal too much,https://lwn.net/Articles/962782/
Linux kernel,BPF for security—and chaos—in Kubernetes,https://lwn.net/Articles/790684/
Linux kernel,Reconsidering unprivileged BPF,https://lwn.net/Articles/796328/
Linux kernel,Kernel runtime security instrumentation,https://lwn.net/Articles/798157/
Linux kernel,Toward signed BPF programs,https://lwn.net/Articles/853489/
Linux kernel,Spectre revisits BPF,https://lwn.net/Articles/860597/
Linux kernel,Taming the BPF superpowers,https://lwn.net/Articles/870269/
Linux kernel,BPF and security,https://lwn.net/Articles/946389/
Linux kernel,Credential records,https://lwn.net/Articles/251469/
Linux kernel,Reconsidering Speck,https://lwn.net/Articles/761992/
Linux kernel,Adiantum: encryption for the low end,https://lwn.net/Articles/776721/
Linux kernel,Supporting PGP keys and signatures in the kernel,https://lwn.net/Articles/882426/
Linux kernel,Filesystem mounts in user namespaces,https://lwn.net/Articles/652468/
Linux kernel,Restricting pathname resolution with AT_NO_JUMPS,https://lwn.net/Articles/723057/
Linux kernel,Filesystem sandboxing with eBPF,https://lwn.net/Articles/803890/
Linux kernel,Two PaX features move toward the mainline,https://lwn.net/Articles/668876/
Linux kernel,Sigreturn-oriented programming and its mitigation,https://lwn.net/Articles/676803/
Linux kernel,Hardened usercopy,https://lwn.net/Articles/695991/
Linux kernel,Disallowing perf_event_open(),https://lwn.net/Articles/696216/
Linux kernel,State of the Kernel Self Protection Project,https://lwn.net/Articles/698827/
Linux kernel,The status of kernel hardening,https://lwn.net/Articles/705262/
Linux kernel,The bumpy road to reference-count protection in the kernel,https://lwn.net/Articles/706498/
Linux kernel,Randomizing structure layout,https://lwn.net/Articles/722293/
Linux kernel,"The ""rare write"" mechanism",https://lwn.net/Articles/724319/
Linux kernel,Hardened usercopy whitelisting,https://lwn.net/Articles/727322/
Linux kernel,A canary for timer-expiration functions,https://lwn.net/Articles/731082/
Linux kernel,What's the best way to prevent kernel pointer leaks?,https://lwn.net/Articles/735589/
Linux kernel,Restricting automatic kernel-module loading,https://lwn.net/Articles/740455/
Linux kernel,Preventing kernel-stack leaks,https://lwn.net/Articles/748642/
Linux kernel,"A ""runtime guard"" for the kernel",https://lwn.net/Articles/749707/
Linux kernel,Read-only dynamic data,https://lwn.net/Articles/750215/
Linux kernel,C considered dangerous,https://lwn.net/Articles/763641/
Linux kernel,Trying to get STACKLEAK into the kernel,https://lwn.net/Articles/764325/
Linux kernel,An end to implicit fall-throughs in the kernel,https://lwn.net/Articles/794944/
Linux kernel,Safer flexible arrays for the kernel,https://lwn.net/Articles/908817/
Linux kernel,Better handling of integer wraparound in the kernel,https://lwn.net/Articles/959189/
Linux kernel,Hardening the kernel against heap-spraying attacks,https://lwn.net/Articles/965837/
Linux kernel,Progress on toolchain security features,https://lwn.net/Articles/996344/
Linux kernel,LCA: How to improve Debian security,https://lwn.net/Articles/217870/
Linux kernel,Fixing CAP_SETPCAP,https://lwn.net/Articles/256519/
Linux kernel,Restricting root with per-process securebits,https://lwn.net/Articles/280279/
Linux kernel,Filesystem capabilities in Fedora 10,https://lwn.net/Articles/313838/
Linux kernel,Another Linux capabilities hole found,https://lwn.net/Articles/328572/
Linux kernel,Linux capabilities support for user namespaces,https://lwn.net/Articles/420624/
Linux kernel,Capabilities for loading network modules,https://lwn.net/Articles/430462/
Linux kernel,CAP_SYS_ADMIN: the new root,https://lwn.net/Articles/486306/
Linux kernel,Inheriting capabilities,https://lwn.net/Articles/632520/
Linux kernel,Namespaced file capabilities,https://lwn.net/Articles/726816/
Linux kernel,A crop of new capabilities,https://lwn.net/Articles/822362/
Linux kernel,Live patching for CPU vulnerabilities,https://lwn.net/Articles/775264/
Linux kernel,Loading modules from file descriptors,https://lwn.net/Articles/519010/
Linux kernel,A crypto module loading vulnerability,https://lwn.net/Articles/630762/
Linux kernel,Locking down module parameters,https://lwn.net/Articles/708179/
Linux kernel,Passive OS fingerprinting added to netfilter,https://lwn.net/Articles/336921/
Linux kernel,Unpredictable sequence numbers,https://lwn.net/Articles/455270/
Linux kernel,Inferring TCP sequence numbers,https://lwn.net/Articles/531090/
Linux kernel,"The TCP ""challenge ACK"" side channel",https://lwn.net/Articles/696868/
Linux kernel,The TCP SACK panic,https://lwn.net/Articles/791409/
Linux kernel,Fingerprinting systems with TCP source-port selection,https://lwn.net/Articles/910435/
Linux kernel,On entropy and randomness,https://lwn.net/Articles/261804/
Linux kernel,Linux ASLR vulnerabilities,https://lwn.net/Articles/330866/
Linux kernel,Random numbers for ASLR,https://lwn.net/Articles/332602/
Linux kernel,The search for truly random numbers in the kernel,https://lwn.net/Articles/567055/
Linux kernel,Random numbers from CPU execution time jitter,https://lwn.net/Articles/642166/
Linux kernel,Waiting for entropy,https://lwn.net/Articles/724643/
Linux kernel,Initializing the entropy pool using RDRAND and friends,https://lwn.net/Articles/760584/
Linux kernel,FIPS-compliant random numbers for the kernel,https://lwn.net/Articles/877607/
Linux kernel,Uniting the Linux random-number devices,https://lwn.net/Articles/884875/
Linux kernel,Pitchforks for RDSEED,https://lwn.net/Articles/961121/
Linux kernel,A RDRAND followup,https://lwn.net/Articles/963281/
Linux kernel,Checkpoint and restore for seccomp filters,https://lwn.net/Articles/658422/
Linux kernel,The inherent fragility of seccomp(),https://lwn.net/Articles/738694/
Linux kernel,Deferring seccomp decisions to user space,https://lwn.net/Articles/756233/
Linux kernel,"vDSO, 32-bit time, and seccomp",https://lwn.net/Articles/795128/
Linux kernel,Deep argument inspection for seccomp,https://lwn.net/Articles/799557/
Linux kernel,PostgreSQL considers seccomp() filters,https://lwn.net/Articles/800916/
Linux kernel,Seccomp and deep argument inspection,https://lwn.net/Articles/822256/
Linux kernel,Seccomp user-space notification and signals,https://lwn.net/Articles/851813/
Linux kernel,eBPF seccomp() filters,https://lwn.net/Articles/857228/
Linux kernel,System-call interception for unprivileged containers,https://lwn.net/Articles/899281/
Linux kernel,Trusting the hardware too much,https://lwn.net/Articles/479653/
Linux kernel,Filesystem fuzzing,https://lwn.net/Articles/637151/
Linux kernel,Fuzzing perf_events,https://lwn.net/Articles/653382/
Linux kernel,Software-tag-based KASAN,https://lwn.net/Articles/766768/
Linux kernel,Scrutinizing bugs found by syzbot,https://lwn.net/Articles/872649/
Linux kernel,Finding bugs with sanitizers,https://lwn.net/Articles/909245/
Linux kernel,New AT_ flags for restricting pathname lookup,https://lwn.net/Articles/767547/
Linux kernel,Restricting path name lookup with openat2(),https://lwn.net/Articles/796868/
Linux kernel,A kernel security hole,https://lwn.net/Articles/265381/
Linux kernel,Virtual private networks with WireGuard,https://lwn.net/Articles/748582/
Linux kernel,WireGuarding the mainline,https://lwn.net/Articles/761939/
Linux kernel,Zinc: a new kernel cryptography API,https://lwn.net/Articles/770750/
Linux kernel,Whither WireGuard?,https://lwn.net/Articles/783973/
Linux kernel,WireGuard and the crypto API,https://lwn.net/Articles/802376/
Linux kernel,Avoiding page reference-count overflows,https://lwn.net/Articles/786044/
Linux kernel,The Sequoia seq_file vulnerability,https://lwn.net/Articles/863729/
Linux malware,Linux malware: an incident and some solutions,https://lwn.net/Articles/367874/
Linux Security Modules (LSM),Stackable security modules,https://lwn.net/Articles/110432/
Linux Security Modules (LSM),Linux security non-modules and AppArmor,https://lwn.net/Articles/239962/
Linux Security Modules (LSM),Smack for simplified access control,https://lwn.net/Articles/244531/
Linux Security Modules (LSM),SMACK meets the One True Security Module,https://lwn.net/Articles/252562/
Linux Security Modules (LSM),The future of AppArmor,https://lwn.net/Articles/254740/
Linux Security Modules (LSM),LSM: loadable or static?,https://lwn.net/Articles/255650/
Linux Security Modules (LSM),Kernel-based malware scanning,https://lwn.net/Articles/260918/
Linux Security Modules (LSM),TOMOYO Linux and pathname-based security,https://lwn.net/Articles/277833/
Linux Security Modules (LSM),OLS: Smack for embedded devices,https://lwn.net/Articles/292291/
Linux Security Modules (LSM),Snet and the LSM API,https://lwn.net/Articles/316940/
Linux Security Modules (LSM),Restricting the network,https://lwn.net/Articles/368730/
Linux Security Modules (LSM),FBAC-LSM,https://lwn.net/Articles/369609/
Linux Security Modules (LSM),LSM stacking (again),https://lwn.net/Articles/393008/
Linux Security Modules (LSM),Pathname-based hooks for SELinux?,https://lwn.net/Articles/419161/
Linux Security Modules (LSM),Supporting multiple LSMs,https://lwn.net/Articles/426921/
Linux Security Modules (LSM),MeeGo rethinks privacy protection,https://lwn.net/Articles/438133/
Linux Security Modules (LSM),Seccomp: replacing security modules?,https://lwn.net/Articles/443099/
Linux Security Modules (LSM),LSS: LSM roundtable,https://lwn.net/Articles/458652/
Linux Security Modules (LSM),LSS: Security modules and RPM,https://lwn.net/Articles/518265/
Linux Security Modules (LSM),Another LSM stacking approach,https://lwn.net/Articles/518345/
Linux Security Modules (LSM),The return of loadable security modules?,https://lwn.net/Articles/526983/
Linux Security Modules (LSM),Talking Smack for Tizen security,https://lwn.net/Articles/552787/
Linux Security Modules (LSM),KPortReserve and the multi-LSM problem,https://lwn.net/Articles/563178/
Linux Security Modules (LSM),Two LSS talks,https://lwn.net/Articles/569861/
Linux Security Modules (LSM),Progress in security module stacking,https://lwn.net/Articles/635771/
Linux Security Modules (LSM),Writing your own security module,https://lwn.net/Articles/674949/
Linux Security Modules (LSM),The LoadPin security module,https://lwn.net/Articles/682302/
Linux Security Modules (LSM),"Safename: restricting ""dangerous"" file names",https://lwn.net/Articles/686789/
Linux Security Modules (LSM),Sandboxing with the Landlock security module,https://lwn.net/Articles/703876/
Linux Security Modules (LSM),"A ""runtime guard"" for the kernel",https://lwn.net/Articles/749707/
Linux Security Modules (LSM),The sidechannel LSM,https://lwn.net/Articles/763058/
Linux Security Modules (LSM),"XFS, LSM, and low-level management APIs",https://lwn.net/Articles/767398/
Linux Security Modules (LSM),Kernel runtime security instrumentation,https://lwn.net/Articles/798157/
Linux Security Modules (LSM),SGX and security modules,https://lwn.net/Articles/798748/
Linux Security Modules (LSM),LSM stacking and the future,https://lwn.net/Articles/804906/
Linux Security Modules (LSM),The integrity policy enforcement security module,https://lwn.net/Articles/817472/
Linux Security Modules (LSM),Handling brute force attacks in the kernel,https://lwn.net/Articles/849531/
Linux Security Modules (LSM),Landlock (finally) sets sail,https://lwn.net/Articles/859908/
Linux Security Modules (LSM),Still waiting for stackable security modules,https://lwn.net/Articles/912775/
Linux Security Modules (LSM),Adding system calls for Linux security modules,https://lwn.net/Articles/919059/
Malware,Infected Linux web servers pushing malware,https://lwn.net/Articles/550608/
Namespaces,Linux capabilities support for user namespaces,https://lwn.net/Articles/420624/
OpenSSL,LibreSSL languishes on Linux,https://lwn.net/Articles/841664/
PostgreSQL,SE-PostgreSQL uses SELinux for database security,https://lwn.net/Articles/242087/
Random number generation,Linux ASLR vulnerabilities,https://lwn.net/Articles/330866/
RISC-V,Improving control-flow integrity for Linux on RISC-V,https://lwn.net/Articles/977720/
Secure boot,BSD-style securelevel comes to Linux — again,https://lwn.net/Articles/566169/
Secure Sockets Layer (SSL),LibreSSL languishes on Linux,https://lwn.net/Articles/841664/
Security Enhanced Linux (SELinux),SE-PostgreSQL uses SELinux for database security,https://lwn.net/Articles/242087/
Security Enhanced Linux (SELinux),SELinux and Fedora,https://lwn.net/Articles/289224/
Security Enhanced Linux (SELinux),OLS: SELinux from academia to your desktop,https://lwn.net/Articles/292081/
Security Enhanced Linux (SELinux),Newer kernels and older SELinux policies,https://lwn.net/Articles/300070/
Security Enhanced Linux (SELinux),SELinux permissive domains,https://lwn.net/Articles/303216/
Security Enhanced Linux (SELinux),MeeGo rethinks privacy protection,https://lwn.net/Articles/438133/
Security Enhanced Linux (SELinux),SELinuxDenyPtrace and security by default,https://lwn.net/Articles/491440/
Security Enhanced Linux (SELinux),LSS: Secure Linux containers,https://lwn.net/Articles/515034/
Security Enhanced Linux (SELinux),SELinux on Android,https://lwn.net/Articles/609511/
Security Enhanced Linux (SELinux),Fedora and SELinux relabeling,https://lwn.net/Articles/693620/
Security Enhanced Linux (SELinux),Removing run-time disabling for SELinux in Fedora,https://lwn.net/Articles/831748/
Security Enhanced Linux (SELinux),OpenWrt and SELinux,https://lwn.net/Articles/832876/
Signing code,Signing programs for Linux,https://lwn.net/Articles/733431/
TOMOYO Linux,TOMOYO Linux and pathname-based security,https://lwn.net/Articles/277833/
Tools,Deliberately insecure Linux distributions as practice targets,https://lwn.net/Articles/437221/
Virtualization,LinuxCon: Secure virtualization with sVirt,https://lwn.net/Articles/353970/
Vulnerabilities,Linux ASLR vulnerabilities,https://lwn.net/Articles/330866/
Vulnerabilities,Another Linux capabilities hole found,https://lwn.net/Articles/328572/
Web servers,Infected Linux web servers pushing malware,https://lwn.net/Articles/550608/
